ID,行政區,地址,店名
004c3a2f-f37f-4b6a-9173-05bb9a5a0a5c,內湖區,台北市內湖區新葡苑內湖店,新葡苑內湖店
005cd364-0884-44e2-9a85-bfc85cf5b263,內湖區,台北市內湖區寶島眼鏡葫洲圓環分公司,寶島眼鏡葫洲圓環分公司
014243f2-fd2c-488c-b1e2-64ff8b8c1906,內湖區,台北市內湖區萬利食品店,萬利食品店
01b015ee-0746-41d1-b49b-c643295b4c6d,內湖區,台北市內湖區金玉堂批發廣場葫洲店,金玉堂批發廣場葫洲店
02824c87-55b2-4a65-9203-703995717425,內湖區,台北市內湖區新鮮人秘書有限公司,新鮮人秘書有限公司
028b1f5d-1493-4478-9ef7-7b61cc126864,內湖區,台北市內湖區糕菲庇護工場,糕菲庇護工場
02d96248-6084-49bc-99fa-b0e8c27d25dd,內湖區,台北市內湖區REEDS coffee & bakery．NeiHu,REEDS coffee & bakery．NeiHu
033b2caa-f14d-4094-96ea-409e372296a2,內湖區,台北市內湖區30hoursBakery,30hoursBakery
03459393-9eef-40fa-be2c-86ea948e3298,內湖區,台北市內湖區屈臣氏內湖店,屈臣氏內湖店
04137b4b-f098-437a-97be-5e2c13223a1f,內湖區,台北市內湖區安永生活事業股份有限公司內湖店,安永生活事業股份有限公司內湖店
04305ce1-73cc-433e-a5ed-63470116c0a2,內湖區,台北市內湖區樂禾田,樂禾田
04387523-191c-4b46-9576-0ecb623fcf7b,內湖區,台北市內湖區八方雲集內湖一店,八方雲集內湖一店
051a590b-c0e5-4c45-ae92-20aa474ac9d9,內湖區,台北市內湖區外婆家高雄古早味三明治,外婆家高雄古早味三明治
0754b737-b23f-458d-8390-3e80086dd9ac,內湖區,台北市內湖區清白藥局,清白藥局
07c5c84f-33b2-4228-9d16-68172c812a54,內湖區,台北市內湖區TierraCasa風土與人有限公司,TierraCasa風土與人有限公司
07ed88d4-f7e0-4298-ba97-922b6af71154,內湖區,台北市內湖區寶島眼鏡內湖成功路分公司,寶島眼鏡內湖成功路分公司
0867e12f-9c2b-4237-a012-4aec17401f97,內湖區,台北市內湖區敦煌書局股份有限公司內湖店,敦煌書局股份有限公司內湖店
0892e745-07e7-40fb-a05a-d9885556bc41,內湖區,台北市內湖區微風三總-樂法,微風三總-樂法
09c444ea-6c23-4d86-8a11-7c574b399bc0,內湖區,台北市內湖區露比的點心茶會,露比的點心茶會
0ab3b5be-a56f-4989-9223-5ad69e52ef80,內湖區,台北市內湖區微風三總-初牧,微風三總-初牧
0b834832-973f-47ea-b3c1-5665b0567484,內湖區,台北市內湖區特力屋股份有限公司內湖分公司,特力屋股份有限公司內湖分公司
0b92caca-874a-4632-a247-79bfa7c5b1b3,內湖區,台北市內湖區花道亭日式料理,花道亭日式料理
0ce31444-4516-4e47-a912-775502e2838e,內湖區,台北市內湖區可不可熟成紅茶內湖民權店,可不可熟成紅茶內湖民權店
0eabeb64-37de-492d-bb85-a7cd77dc2516,內湖區,台北市內湖區丁丁藥局內湖店,丁丁藥局內湖店
0f04330a-004c-4621-9484-2a2b0a6399b1,內湖區,台北市內湖區大河屋-內湖大潤發,大河屋-內湖大潤發
0f703c30-5246-4ca8-9780-007222b734fe,內湖區,台北市內湖區迷客夏milkshop臺北瑞光店(正如商行),迷客夏milkshop臺北瑞光店(正如商行)
0f94315f-9f2f-419c-94b9-67c37ed1aab2,內湖區,台北市內湖區龍角 內湖成功店,龍角 內湖成功店
104d2e56-eb88-4d0b-821f-bed1d2a467ef,內湖區,台北市內湖區康是美_新葫洲門市,康是美_新葫洲門市
10a8d00b-bd5d-44aa-b962-12e04e840cf6,內湖區,台北市內湖區廣東鴨莊,廣東鴨莊
1106c043-8a8c-4a18-8833-351073199889,內湖區,台北市內湖區寶島眼鏡內湖路分公司,寶島眼鏡內湖路分公司
110d6916-503b-40d2-b40b-3df1e1191a2d,內湖區,台北市內湖區簡單創意,簡單創意
115dd041-2c92-477c-b235-1f4bfc78b1e2,內湖區,台北市內湖區四海遊龍內科店(來佳實業社),四海遊龍內科店(來佳實業社)
11ba821f-2858-4532-923b-fb4346166931,內湖區,台北市內湖區康是美_內湖成功門市,康是美_內湖成功門市
12250cef-8021-4f20-a336-71d393c6939e,內湖區,台北市內湖區佑全保健藥妝-瑞光藥局,佑全保健藥妝-瑞光藥局
12464d6d-83ef-4816-9fc1-d4924193f4c3,內湖區,台北市內湖區信本家美食俱樂部瑞光店,信本家美食俱樂部瑞光店
129c6917-4d03-47c4-b2da-13769cf9b367,內湖區,台北市內湖區恩戴適股份有限公司,恩戴適股份有限公司
130926df-4c0e-4a94-b2a7-ecb97b7438f4,內湖區,台北市內湖區歐都納股份有限公司內湖店,歐都納股份有限公司內湖店
148fca9f-3215-437c-9eaa-77d49bc57c94,內湖區,台北市內湖區創意麵東湖店,創意麵東湖店
15158cd9-856e-48c1-901c-310162796d6c,內湖區,台北市內湖區1010湘西湖店,1010湘西湖店
154bcbeb-17e0-4646-865b-067b080548ef,內湖區,台北市內湖區金瑞發商行,金瑞發商行
1622b71f-2418-4f4e-bb96-73579576531f,內湖區,台北市內湖區湖安川菜館,湖安川菜館
162f64ba-fcbb-4448-894f-e4a06be10ff9,內湖區,台北市內湖區定食8內湖家樂福店,定食8內湖家樂福店
179816dd-046b-41dd-b451-ccd082198444,內湖區,台北市內湖區adidas內湖大潤發暢貨中心,adidas內湖大潤發暢貨中心
183edb54-bb0b-40e1-ad84-6ba0171283d2,內湖區,台北市內湖區柑仔店股份有限公司內湖成功分公司,柑仔店股份有限公司內湖成功分公司
19682df6-270e-45c0-a9e1-a820ed1ac71a,內湖區,台北市內湖區湛盧咖啡-瑞光館,湛盧咖啡-瑞光館
196e98fd-46e3-4a1a-b764-159d8e148b7f,內湖區,台北市內湖區鳥泥冷飲室,鳥泥冷飲室
1a21089d-eb86-439c-8e39-63166e14a789,內湖區,台北市內湖區暗潮技潛探險基地,暗潮技潛探險基地
1a23805e-722d-40e6-9967-d7ac08bc576b,內湖區,台北市內湖區瓦城泰國料理內湖CITYLINK店,瓦城泰國料理內湖CITYLINK店
1ac0ccdd-7b9e-44e0-b002-3f87df832f66,內湖區,台北市內湖區雞大爺台北內湖店,雞大爺台北內湖店
1b54511d-1cff-4407-852f-6cc5d58a32bb,內湖區,台北市內湖區這樣生活咖啡,這樣生活咖啡
1bb297e5-352e-4ba9-ae10-32b6e93c2a10,內湖區,台北市內湖區天仁喫茶趣 內湖店,天仁喫茶趣 內湖店
1c65e7c0-1524-442f-922b-d18f10becd05,內湖區,台北市內湖區康是美_新大湖門市,康是美_新大湖門市
1cb441da-31f0-4f79-a156-fb592a672404,內湖區,台北市內湖區華生通訊,華生通訊
1d40a004-4101-476e-8bc4-1c096de4eaf4,內湖區,台北市內湖區給情緒一個家,給情緒一個家
1de2c856-04f5-41d7-8dfa-c793150f896f,內湖區,台北市內湖區布朗奇咖啡,布朗奇咖啡
1e7cd1da-1503-45b5-a0be-a17dfc7cb99c,內湖區,台北市內湖區台灣彪馬股份有限公司,台灣彪馬股份有限公司
1ee638c7-a68b-489e-8366-bb86889ea9ee,內湖區,台北市內湖區麥當勞康寧,麥當勞康寧
1fad95c0-0daf-4c5f-8252-3f8231dcc161,內湖區,台北市內湖區麥當勞內湖金龍,麥當勞內湖金龍
1fc45ec1-2bf7-4586-af55-b7ab4d57b517,內湖區,台北市內湖區昌和有限公司,昌和有限公司
22c61054-d47c-488b-8a0b-e1a7138fa316,內湖區,台北市內湖區清香休閒農場,清香休閒農場
23226e8e-9101-4332-97c7-f8a540f07a53,內湖區,台北市內湖區快樂檸檬內湖店,快樂檸檬內湖店
23c26fe3-6947-473e-85d8-d224bb33d5eb,內湖區,台北市內湖區微風三總-采豐,微風三總-采豐
24fa34a1-3a8e-4646-a3b7-6a4b0d3f49b3,內湖區,台北市內湖區鴨香飽,鴨香飽
25b2e1d3-f6cb-4ea4-bf17-c121b0c6713b,內湖區,台北市內湖區利誠餐飲有限公司,利誠餐飲有限公司
26e4ae1b-ad0d-4978-9dcb-66d1e2a382fe,內湖區,台北市內湖區茗芋坊,茗芋坊
27101c58-af4a-4550-a234-d4016d141cbd,內湖區,台北市內湖區寶崴光學股份有限公司鏡匠眼鏡內湖分公司,寶崴光學股份有限公司鏡匠眼鏡內湖分公司
27bca69f-39fa-4be1-9a8a-641422112cf5,內湖區,台北市內湖區微風三總-金石堂書店,微風三總-金石堂書店
28043043-18cb-4275-b2ce-0430121f02f9,內湖區,台北市內湖區內湖家樂福ASICS專櫃,內湖家樂福ASICS專櫃
2a44c5b5-aab9-471d-b29a-9f183f0c9037,內湖區,台北市內湖區麥當勞台北內湖,麥當勞台北內湖
2b84b6d1-f95c-4ed1-a47f-5751cf4f4d60,內湖區,台北市內湖區星裕國際股份有限公司 總公司,星裕國際股份有限公司 總公司
2c01b8e3-e56e-4b50-aaf5-0cc5b6698d02,內湖區,台北市內湖區小林眼鏡-台北西湖店,小林眼鏡-台北西湖店
2ccb019a-76e3-497c-a4f3-f562cef85094,內湖區,台北市內湖區高雄五福扁食-港墘店 K.H.Wufu,高雄五福扁食-港墘店 K.H.Wufu
2d4e9d09-beda-4c0c-84ce-777a7ba76856,內湖區,台北市內湖區微風三總-武吉郎,微風三總-武吉郎
2e275a4e-25ed-483b-aa9b-86b16439cf22,內湖區,台北市內湖區懶的鳥小姐|手作早午餐,懶的鳥小姐|手作早午餐
2e3ead3a-786a-4859-820d-83e6f9c97fe6,內湖區,台北市內湖區85度c東湖康樂店,85度c東湖康樂店
2f3947df-79fb-4452-89be-06005880b571,內湖區,台北市內湖區建興餅店,建興餅店
2f59ca8b-2cb1-44b6-b5cd-052913be0a43,內湖區,台北市內湖區麥當勞台北瑞光,麥當勞台北瑞光
2fe446ce-5633-4937-b7ba-8700bb0a0a1e,內湖區,台北市內湖區瀚克寶寶內湖門市,瀚克寶寶內湖門市
304305d4-e6d8-4194-9e6e-d16b5213cb35,內湖區,台北市內湖區昇恒昌股份有限公司旗艦店分公司,昇恒昌股份有限公司旗艦店分公司
30819cb7-4571-40b5-a1be-ea703a3cf0c1,內湖區,台北市內湖區CITYLINK內湖店-tiff,CITYLINK內湖店-tiff
30e58443-d9b7-40e9-9c81-3d8140ef0f69,內湖區,台北市內湖區萊樂檬,萊樂檬
31546695-0df2-4e8e-9371-2912fafea0ac,內湖區,台北市內湖區茗穀屋烘焙坊,茗穀屋烘焙坊
322c795f-2047-473a-bbd4-67fcdc135d06,內湖區,台北市內湖區聖德科斯生機食品-內湖文德,聖德科斯生機食品-內湖文德
32423d0a-68d4-4ac2-87db-a8c1b74bbb61,內湖區,台北市內湖區WINESWEE,WINESWEE
33600818-75ff-4626-b749-2b324b517b0e,內湖區,台北市內湖區Triple cafe大湖店,Triple cafe大湖店
33a65bfb-67b6-4c5f-9c72-6b0a9af3f6dc,內湖區,台北市內湖區九八九薑母鴨,九八九薑母鴨
352509cd-396c-4436-a9fd-dd9628466079,內湖區,台北市內湖區康樂車業行,康樂車業行
37efbe29-aadb-4d5c-8ad5-b41e2a5339dd,內湖區,台北市內湖區食初靡中式料理,食初靡中式料理
3855740f-9c0e-4c75-bbf0-e362b8f019ba,內湖區,台北市內湖區順益汽車股份有限公司內湖分公司,順益汽車股份有限公司內湖分公司
38673c2a-2235-45b0-aef6-6bf12a4789b5,內湖區,台北市內湖區LANEW台北文德店,LANEW台北文德店
39508e41-a118-4244-8690-2b185e7631be,內湖區,台北市內湖區豆舖子-康寧店,豆舖子-康寧店
39c15b57-0db1-45d8-83e5-302354bbded2,內湖區,台北市內湖區Mister Donut內湖家樂福門市,Mister Donut內湖家樂福門市
3a290505-72eb-4479-8f17-a7aa63d6b4a5,內湖區,台北市內湖區亞尼克內湖旗艦店,亞尼克內湖旗艦店
3a442f3f-cf32-4965-b260-9fef9fd22439,內湖區,台北市內湖區歐麥烘焙,歐麥烘焙
3a627a6a-738f-43fe-bef7-ddee64373ea0,內湖區,台北市內湖區餇原養生膳坊,餇原養生膳坊
3abfe3bc-51fc-486e-9541-2a2aefbaa0bc,內湖區,台北市內湖區餡老滿 內湖店,餡老滿 內湖店
3ac31fc0-c5c9-4e33-b9f7-2c6b8c652bc9,內湖區,台北市內湖區鮮芋仙台北內湖店,鮮芋仙台北內湖店
3b6ac363-1593-4eb7-aa50-89ac0ce17324,內湖區,台北市內湖區燦坤實業股份有限公司西湖分公司,燦坤實業股份有限公司西湖分公司
3c5afc75-7909-49a2-ad50-0de6e6bef0b0,內湖區,台北市內湖區里仁事業股份有限公司內湖分公司,里仁事業股份有限公司內湖分公司
3d50a66c-642a-4abd-8147-8ede76bd9962,內湖區,台北市內湖區愛浪實業股份有限公司內湖營業所,愛浪實業股份有限公司內湖營業所
3edacd62-8fc3-4954-bbc5-31b5040e3396,內湖區,台北市內湖區小石鍋東湖店,小石鍋東湖店
3f15478f-4ac5-4a4d-b313-6b8646c28a6b,內湖區,台北市內湖區老地方平價快炒,老地方平價快炒
3f8ebdbd-de36-4d70-b673-8799797b6b4e,內湖區,台北市內湖區野人舒食,野人舒食
3f90fa61-ebcf-40c4-afd2-e65dc1208f3a,內湖區,台北市內湖區知誠早午餐屋,知誠早午餐屋
3fbfad31-0b2b-4471-97b4-433673eb66c7,內湖區,台北市內湖區莯悅 私房菜。手作甜點,莯悅 私房菜。手作甜點
3ff4053e-0136-4643-b785-c14017448859,內湖區,台北市內湖區貝莉義式餐廳,貝莉義式餐廳
40045f0c-ab53-42f4-813b-1f7e628c4708,內湖區,台北市內湖區年青人眼鏡-內湖店,年青人眼鏡-內湖店
411c8795-c510-4946-8463-e2b2ea15f830,內湖區,台北市內湖區COMEBUY台北西湖店,COMEBUY台北西湖店
41cc2e4b-b573-4ea1-8c73-a7ebfb5e8d43,內湖區,台北市內湖區百岳登山體育用品有限公司台北分公司,百岳登山體育用品有限公司台北分公司
432202ef-b562-472e-88d3-970cc28d080c,內湖區,台北市內湖區棉花田生機園地-東湖,棉花田生機園地-東湖
43451437-8a6a-4154-8b0d-44617501f76c,內湖區,台北市內湖區康是美_新湖門市,康是美_新湖門市
43478fed-c9ed-4367-ab64-38e10a630e2f,內湖區,台北市內湖區米果子義大利麵,米果子義大利麵
43c73bd8-4d07-4345-8149-0eaf7eeeb862,內湖區,台北市內湖區宜昇優良藥局,宜昇優良藥局
43f25084-4acc-47d0-a809-4e0822c5c0bf,內湖區,台北市內湖區國琳小舖,國琳小舖
43fef737-a452-4307-9495-ea00c9eb3d62,內湖區,台北市內湖區瘋三鐵工作室,瘋三鐵工作室
44c155d4-d17a-4414-85ae-2943fdeeaa19,內湖區,台北市內湖區鬍鬚張股份有限公司內湖湖光分公司,鬍鬚張股份有限公司內湖湖光分公司
44ca5de9-c1c1-494c-a0fd-7ac9c0ecfa8c,內湖區,台北市內湖區Kizzkizz 貝比星球,Kizzkizz 貝比星球
44cf1d57-27cd-4953-acc7-7fef86609a61,內湖區,台北市內湖區食我廚房,食我廚房
453d119c-9e01-4dac-80e5-665b4800036e,內湖區,台北市內湖區85度C內湖文德店,85度C內湖文德店
456c57dc-dfd6-4592-81c8-6c544f7c84e4,內湖區,台北市內湖區鼎香麻辣燙,鼎香麻辣燙
45e61ec1-32d8-4d68-87aa-eab3a0cedaae,內湖區,台北市內湖區鬍鬚張股份有限公司內湖分公司,鬍鬚張股份有限公司內湖分公司
46637c88-b694-43ee-a980-c759e91036c0,內湖區,台北市內湖區雲雀國際股份有限公司內湖分公司,雲雀國際股份有限公司內湖分公司
480767c7-5312-4a73-9ebb-0353ab7979de,內湖區,台北市內湖區逍遙遊山野戶外股份有限公司,逍遙遊山野戶外股份有限公司
48beecf8-7c29-47e2-8a4b-5206c149f3e8,內湖區,台北市內湖區一起玩有限公司,一起玩有限公司
4977b04d-3384-40bf-8dde-771e0777b56a,內湖區,台北市內湖區ROOTS-內湖CITY LINK,ROOTS-內湖CITY LINK
49911ac3-75b7-40f5-9a47-0c125411a23c,內湖區,台北市內湖區小蒙牛股份有限公司小蒙牛內湖分公司,小蒙牛股份有限公司小蒙牛內湖分公司
4ac727fe-0234-4f83-b6a6-1b427368aeca,內湖區,台北市內湖區辣極麻辣燙東湖店,辣極麻辣燙東湖店
4af3664a-7e86-479e-be31-dab68ae69f64,內湖區,台北市內湖區香港商捷時海外貿易有限公司台灣分公司內湖家樂福門市部,香港商捷時海外貿易有限公司台灣分公司內湖家樂福門市部
4b4fcb56-e863-47ba-98db-29471fd9ed9e,內湖區,台北市內湖區麥克兒童外文書店,麥克兒童外文書店
4c83784b-092c-4df7-b87e-5f1643b1fc84,內湖區,台北市內湖區Spica手作太空飲品,Spica手作太空飲品
4d38e503-8588-4d50-81a1-891acbc64d68,內湖區,台北市內湖區康是美_文湖門市,康是美_文湖門市
4d772300-e7ac-44ff-9d6a-2027dfe245fc,內湖區,台北市內湖區路易莎-內湖Citylink門市,路易莎-內湖Citylink門市
4e05f5d0-875f-44fc-97e1-41cc0b957907,內湖區,台北市內湖區灣仔湖製果烘焙工坊,灣仔湖製果烘焙工坊
52624e28-c2db-4e56-a251-4280009ec311,內湖區,台北市內湖區葡吉手工包子,葡吉手工包子
52671c49-0848-48c2-b0b4-843876715562,內湖區,台北市內湖區聖德科斯生機食品-內湖成功,聖德科斯生機食品-內湖成功
540aa790-2f81-4f1f-961f-b7cf2966ab56,內湖區,台北市內湖區易德食食品有限公司內湖營業所,易德食食品有限公司內湖營業所
55eac911-c7a0-40ea-a8c6-837f977cef19,內湖區,台北市內湖區充實生活股份有限公司網中營業所,充實生活股份有限公司網中營業所
56bb8ee0-5e62-4a9c-940b-da31a0c8bec3,內湖區,台北市內湖區雞排,雞排
571aca86-3307-4636-acda-d7e599e139bb,內湖區,台北市內湖區黛黛茶內湖店,黛黛茶內湖店
577264dd-bd72-4f8d-804d-8663730b9668,內湖區,台北市內湖區好吃雞排,好吃雞排
598c0fe0-fc05-44e8-ad70-8802f0607ad7,內湖區,台北市內湖區菠莉芙有限公司,菠莉芙有限公司
59e40adc-3f9b-4c08-ba6d-e76270041ccd,內湖區,台北市內湖區淬義,淬義
5a2098ae-d132-4d5a-b16c-48ffbd198f80,內湖區,台北市內湖區香港商捷時海外貿易有限公司台灣分公司東湖門市部,香港商捷時海外貿易有限公司台灣分公司東湖門市部
5abfd591-e379-4988-bd9e-66bc4b4835d8,內湖區,台北市內湖區好食國際投資股份有限公司客美多內湖分公司,好食國際投資股份有限公司客美多內湖分公司
5af3cb16-c0e2-4743-98d8-135055db0abb,內湖區,台北市內湖區農驛棧農場,農驛棧農場
5b2c7dec-788b-44f7-bc58-b7bea31207ce,內湖區,台北市內湖區頂呱呱 瑞光店,頂呱呱 瑞光店
5b979692-e4d3-4119-b7ae-badb45be61db,內湖區,台北市內湖區強聲音響有限公司,強聲音響有限公司
5e9d9c1c-2924-4812-a9f9-2712c0ff99fc,內湖區,台北市內湖區可不可熟成紅茶內湖瑞光店(築品商行),可不可熟成紅茶內湖瑞光店(築品商行)
5f4f71be-94aa-42fd-9792-59f0fc3380ed,內湖區,台北市內湖區微風三總-西雅圖咖啡 ,微風三總-西雅圖咖啡 
5f588adc-f9c6-4c42-892f-bff680e0d14e,內湖區,台北市內湖區路易莎-堤頂407門市,路易莎-堤頂407門市
60106177-e3c3-4d18-938c-4073aae8dac7,內湖區,台北市內湖區糖村SUGAR & SPICE 台北瑞光店,糖村SUGAR & SPICE 台北瑞光店
60baee23-1216-4d2f-a091-f16a967a0384,內湖區,台北市內湖區清泉雅會有限公司,清泉雅會有限公司
620a0f3d-61b3-47ed-8c73-c7aff65565ba,內湖區,台北市內湖區偷懶的人,偷懶的人
635c18e1-1b17-4faa-8f3c-dd3bbfbc3c55,內湖區,台北市內湖區Qburger 內湖麗山店,Qburger 內湖麗山店
63ce7eb2-966a-417a-838b-bc6012340307,內湖區,台北市內湖區大成美食生活體驗店,大成美食生活體驗店
63f45063-4fa2-42fd-b902-c91faa0278c0,內湖區,台北市內湖區有熊國創意有限公司,有熊國創意有限公司
63ff68e0-aadd-418f-9244-c8337cf70726,內湖區,台北市內湖區康是美_麗山門市,康是美_麗山門市
6480b34c-b89b-4ac8-915c-8422f8417b7c,內湖區,台北市內湖區義牛車餐坊,義牛車餐坊
6496364d-83eb-43f3-a228-821604f33b22,內湖區,台北市內湖區視鏡科技股份有限公司內湖分公司,視鏡科技股份有限公司內湖分公司
64c625f6-8d15-4a62-84d9-9b532b658afe,內湖區,台北市內湖區冠頡車業行,冠頡車業行
6720910f-9586-431e-8fcf-92c03355a218,內湖區,台北市內湖區GENNY & ADAMS銀飾,GENNY & ADAMS銀飾
674358e1-1db9-4227-9519-b62e86b68854,內湖區,台北市內湖區鬍鬚張股份有限公司內湖瑞光分公司,鬍鬚張股份有限公司內湖瑞光分公司
678f2c4a-8d3e-419e-8e3e-3601acd2f2aa,內湖區,台北市內湖區路易莎-葫洲成功門市,路易莎-葫洲成功門市
679315f7-7020-49f0-8382-db1ec4bc61eb,內湖區,台北市內湖區CITYLINK內湖店-ABC-MART,CITYLINK內湖店-ABC-MART
67a5469f-671d-48c0-8061-b745e8f188df,內湖區,台北市內湖區中一排骨,中一排骨
67e5b337-a2ee-49fa-86fb-e5b0ee2ae5c9,內湖區,台北市內湖區喬夫人波蘭甜甜圈,喬夫人波蘭甜甜圈
69e9b7b2-2826-46c5-a19b-b66184798700,內湖區,台北市內湖區微風三總-楊記蚌麵,微風三總-楊記蚌麵
6ab5905d-5dee-44c9-af9e-262055bbf134,內湖區,台北市內湖區五漁村丼飯屋,五漁村丼飯屋
6b1a3539-6d5a-4bf2-a27b-71b6e746daa2,內湖區,台北市內湖區Curves內湖西湖店,Curves內湖西湖店
6b4bc621-2924-4763-8a17-6d455511d62a,內湖區,台北市內湖區泰德眼鏡有限公司,泰德眼鏡有限公司
6bad470d-9621-4f6c-9613-d7bd649ddc50,內湖區,台北市內湖區牛閣精緻麵館 滿客便當快餐,牛閣精緻麵館 滿客便當快餐
6be68985-3aff-4fbb-8a34-89c5aaf5da3a,內湖區,台北市內湖區倆囍號早餐店,倆囍號早餐店
6c6eb672-8980-47d7-9419-9ef4b22daa24,內湖區,台北市內湖區屈臣氏東湖店,屈臣氏東湖店
6cc1560a-f0f5-4b7e-aedc-41827c3c9d93,內湖區,台北市內湖區Qburger 內湖星雲店,Qburger 內湖星雲店
6d8886c1-8913-4863-9cce-1046b5a23c43,內湖區,台北市內湖區瑞翔運動精品店,瑞翔運動精品店
6e336900-ad69-494f-b191-555cbb49b723,內湖區,台北市內湖區台灣玩具反斗城貿易股份有限公司內湖門市部,台灣玩具反斗城貿易股份有限公司內湖門市部
6e59a08f-444e-467f-837c-7e1a93a1ec60,內湖區,台北市內湖區里仁事業股份有限公司東湖分公司,里仁事業股份有限公司東湖分公司
6f6c9545-5154-4966-ad16-2ce52a70efa9,內湖區,台北市內湖區慕茶客,慕茶客
72aa51b2-d146-4d59-a34a-2b0f6763a977,內湖區,台北市內湖區CITYLINK內湖店-Caratiga,CITYLINK內湖店-Caratiga
74bd0dc9-ce6a-4654-a048-2d519d705376,內湖區,台北市內湖區WIRED CHAYA 內湖店,WIRED CHAYA 內湖店
74e71762-8c0d-468d-bcfd-1485edc8cf0c,內湖區,台北市內湖區穠舍田園小吃店,穠舍田園小吃店
75979aac-bc54-4d9a-9caa-10b112115c79,內湖區,台北市內湖區新生活書局-東湖店,新生活書局-東湖店
7641c928-42ef-48d6-8960-2989246fa88a,內湖區,台北市內湖區車麗屋汽車百貨股份有限公司台北內湖行忠分公司,車麗屋汽車百貨股份有限公司台北內湖行忠分公司
7646ae53-c2f1-450f-a509-ebb0332c2173,內湖區,台北市內湖區金石堂國醫加盟店,金石堂國醫加盟店
77465f53-bdb5-4d0a-bf72-5d8d073baa16,內湖區,台北市內湖區日子很甜雪花冰,日子很甜雪花冰
777b0245-e9f2-48e3-b290-4ddcea5612fc,內湖區,台北市內湖區雅光有限公司,雅光有限公司
77caed22-ff46-4d83-929d-a29bc1c794ac,內湖區,台北市內湖區屈臣氏德明店,屈臣氏德明店
78ab28f0-9d93-4695-95e9-da8cb4a8df94,內湖區,台北市內湖區北投老又新牛肉麵店,北投老又新牛肉麵店
78ef1901-b783-46f2-93f4-1957f2f7b4ec,內湖區,台北市內湖區Cafepro職人咖啡商行內湖店,Cafepro職人咖啡商行內湖店
79477b09-dbc6-4c6e-a0a5-bc7be4932260,內湖區,台北市內湖區黑沃咖啡內湖麗陽店,黑沃咖啡內湖麗陽店
7982663e-bc81-4b4f-9de2-51f0c6de4f6c,內湖區,台北市內湖區午葉內湖 cafe & dining,午葉內湖 cafe & dining
79e6ca7f-7f4e-4b0f-9d5e-27e5a1f858a8,內湖區,台北市內湖區城中好屋早午餐,城中好屋早午餐
79f53457-63cd-4369-b154-2e188e1f4bbf,內湖區,台北市內湖區爭鮮股份有限公司西湖分公司,爭鮮股份有限公司西湖分公司
7a179edc-f87f-4f5e-8f77-849f276df26f,內湖區,台北市內湖區泰成藥局,泰成藥局
7af40a7e-cceb-4a45-8a7d-2176b68f40a6,內湖區,台北市內湖區頂呱呱 東湖店,頂呱呱 東湖店
7be99ac0-6952-4903-a3da-32b6308b39f6,內湖區,台北市內湖區小林眼鏡-東湖店,小林眼鏡-東湖店
7bee4184-d40f-477a-a459-2737d7e49c2a,內湖區,台北市內湖區青芽摘 Ching Ya Tea － 台北西湖門市,青芽摘 Ching Ya Tea － 台北西湖門市
7bf65366-9e8f-4de6-a427-c4f1eb4410f9,內湖區,台北市內湖區巧盒益智文具館,巧盒益智文具館
7c8d3674-6638-46b6-838f-bb399b800751,內湖區,台北市內湖區蕃茄村漢堡內湖星雲店,蕃茄村漢堡內湖星雲店
7d6635bb-fbf7-408d-8ab3-676d82a8aba0,內湖區,台北市內湖區大樹藥局 內湖五分店,大樹藥局 內湖五分店
7d7a37c2-e776-486b-85bf-5d565706d7b5,內湖區,台北市內湖區洋城義大利餐廳-內湖家樂福店,洋城義大利餐廳-內湖家樂福店
7dc523c9-9a50-433d-a85d-115be6d7ce95,內湖區,台北市內湖區大樹藥局 內湖文德店,大樹藥局 內湖文德店
7dfb3ac1-2f45-4cd1-867b-ee9cda5c9484,內湖區,台北市內湖區微想咖哩坊,微想咖哩坊
7e13ee21-f148-4ab8-b8c4-dafaea6dac2b,內湖區,台北市內湖區暖窩舒食有限公司,暖窩舒食有限公司
7e42ef71-ac48-4ad3-af8a-dd5830cf5532,內湖區,台北市內湖區爭鮮股份有限公司康寧分公司,爭鮮股份有限公司康寧分公司
7f683978-8f71-4b89-af8d-b10c8707064b,內湖區,台北市內湖區水巷茶弄-內湖康寧店,水巷茶弄-內湖康寧店
808ee270-2255-484d-999b-07c349a4b0e7,內湖區,台北市內湖區微風三總-OTTO,微風三總-OTTO
8190aa11-8231-40b9-9d63-67104f9b6817,內湖區,台北市內湖區微風三總-關北紅豆餅,微風三總-關北紅豆餅
81b7c894-7a4e-411f-b159-c2aad4b99df4,內湖區,台北市內湖區'epanouir CITYLINK內湖潤泰櫃,'epanouir CITYLINK內湖潤泰櫃
82edae36-372b-4148-883d-b5f8a2f0e88f,內湖區,台北市內湖區安羽企業社,安羽企業社
8443c799-c1ce-48a9-8022-724b3b473e69,內湖區,台北市內湖區邵媽食堂,邵媽食堂
854a0b9e-aa58-4233-ad65-26087a104b69,內湖區,台北市內湖區微風三總-好好吃溫州大餛飩,微風三總-好好吃溫州大餛飩
855ca109-5745-4244-b049-9a534bdb5fc9,內湖區,台北市內湖區麥當勞台北舊宗,麥當勞台北舊宗
85c1ac60-dae8-4085-894f-ecfdd64f1638,內湖區,台北市內湖區佑全保健藥妝-內湖東湖店,佑全保健藥妝-內湖東湖店
860b3b8c-c565-4a57-be5a-39e6280726c0,內湖區,台北市內湖區臺灣華歌爾股份有限公司內湖分公司,臺灣華歌爾股份有限公司內湖分公司
86d67882-f340-4cb1-bb7e-fea96369b90e,內湖區,台北市內湖區瓦薩餐廳-台北內科,瓦薩餐廳-台北內科
86f7c114-0933-4ad0-948a-26604422e3e4,內湖區,台北市內湖區屈臣氏三總店,屈臣氏三總店
8726d806-d388-4a9d-8e0e-a23bb7f8827d,內湖區,台北市內湖區石頭記,石頭記
8730f30f-040e-4495-aea2-3221af959cf3,內湖區,台北市內湖區MoMoParadise 內湖大潤發牧場(壽喜燒),MoMoParadise 內湖大潤發牧場(壽喜燒)
87680f98-769d-449b-8dc5-b8e6dc6aaca1,內湖區,台北市內湖區晨食桃吐司商行,晨食桃吐司商行
87c2a226-4744-48a1-a4e0-133b86da6162,內湖區,台北市內湖區可不可熟成紅茶內湖江南店,可不可熟成紅茶內湖江南店
87d3772b-61d8-4275-a578-cbecb18fc233,內湖區,台北市內湖區bb.q CHICKEN-洲子店,bb.q CHICKEN-洲子店
8943698c-3760-4da5-98f3-dae4f4108f16,內湖區,台北市內湖區燦坤實業股份有限公司內湖旗艦分公司,燦坤實業股份有限公司內湖旗艦分公司
89467552-cd8c-4680-8b8d-686fb0adb522,內湖區,台北市內湖區桌遊糖果城企業社,桌遊糖果城企業社
8994efe7-0a9b-472d-9bc1-d8bde828ba75,內湖區,台北市內湖區迷客夏台北西湖門市,迷客夏台北西湖門市
89b70044-cba6-40cb-a2cf-6e7b5302ea50,內湖區,台北市內湖區金鍋盃內湖店,金鍋盃內湖店
8a039a3e-1af9-45ac-a07b-b8302ec31918,內湖區,台北市內湖區寶島眼鏡東湖分公司,寶島眼鏡東湖分公司
8c106146-d129-4a1b-8993-5f1967694b73,內湖區,台北市內湖區微風三總-蔡家虹手作三明治,微風三總-蔡家虹手作三明治
8c3e2196-16dc-4a28-85b9-b5ccce522e0c,內湖區,台北市內湖區東湖歐香藝術蛋糕有限公司,東湖歐香藝術蛋糕有限公司
8c44f63e-ccf2-48ea-81fc-599cc62bb0d9,內湖區,台北市內湖區屈臣氏康樂店,屈臣氏康樂店
8c87ab8d-c5ca-4e87-b9c2-b06399a8af72,內湖區,台北市內湖區優選早餐店,優選早餐店
8cdfc5b0-dbda-43a2-b263-641c5d35bd8f,內湖區,台北市內湖區毛孩跑跑寵物生活館,毛孩跑跑寵物生活館
8dab2b62-a250-4fd9-8acf-21244d604d4d,內湖區,台北市內湖區品愛眼鏡行,品愛眼鏡行
8f3879e0-5565-4235-890d-6fd3024cd04a,內湖區,台北市內湖區Curves內湖成功店,Curves內湖成功店
8f388b62-58da-4793-9a2b-f0969fe97072,內湖區,台北市內湖區二姊甜不辣,二姊甜不辣
8faa4c58-b3ad-47bf-8b74-82977ba4a628,內湖區,台北市內湖區有機緣地 成功店,有機緣地 成功店
8fae3245-945a-49c8-91e5-b0a6d3e04773,內湖區,台北市內湖區友林有限公司內湖門市,友林有限公司內湖門市
8fcba182-a20a-4677-b75a-9ee31150f122,內湖區,台北市內湖區爭鮮股份有限公司舊宗分公司,爭鮮股份有限公司舊宗分公司
8ff2500a-e971-40db-9a1a-9fa416d43eb4,內湖區,台北市內湖區歐萊德流通股份有限公司,歐萊德流通股份有限公司
90696be5-da74-4f74-a881-23658cad5fd8,內湖區,台北市內湖區好好生活食品有限公司,好好生活食品有限公司
910414b6-2783-4f12-9594-b15ad9bf08a4,內湖區,台北市內湖區高博士國際有限公司成功店,高博士國際有限公司成功店
918525ee-78e4-44e7-b681-290e3d267ca9,內湖區,台北市內湖區OSIM-HOLA內湖店專櫃,OSIM-HOLA內湖店專櫃
93798550-4d6a-4cce-b69d-dd9b13892030,內湖區,台北市內湖區串鼓串燒酒吧,串鼓串燒酒吧
93d648c4-dcfe-484f-8a2c-ae316084f6bf,內湖區,台北市內湖區737老山東牛肉麵店,737老山東牛肉麵店
9405edd3-65b2-4e1e-9e25-59b664f3ce2c,內湖區,台北市內湖區內湖港墘清原芋圓,內湖港墘清原芋圓
94554175-c0ab-46bb-b310-3633ff4da6f3,內湖區,台北市內湖區樂芙味蔬食料理,樂芙味蔬食料理
954a2e67-2f0b-45d4-8f83-c272da38ef82,內湖區,台北市內湖區冠芳乾洗店,冠芳乾洗店
9678d6a7-92c3-412f-a06c-88e8b8a9c0af,內湖區,台北市內湖區享亮文具樂園東湖店,享亮文具樂園東湖店
96a8edf8-8bf9-4a98-aded-4c33ae5d4d4f,內湖區,台北市內湖區屈臣氏港漧店,屈臣氏港漧店
96d0e634-ade4-44ae-b91b-684260523f9e,內湖區,台北市內湖區宏泰泰式小吃店,宏泰泰式小吃店
970e41da-8564-40f6-812b-8d721afc8b57,內湖區,台北市內湖區特姆波咖啡工作室,特姆波咖啡工作室
97248c27-4748-4e66-a262-c8412d68b30e,內湖區,台北市內湖區躍獅麗湖藥局,躍獅麗湖藥局
98047e2b-eccc-4a44-9b58-081b0051dc6b,內湖區,台北市內湖區Cuiqu Coffee奎克咖啡 - 台北瑞光店,Cuiqu Coffee奎克咖啡 - 台北瑞光店
9836bf9b-e0fd-40b8-9b73-c800199d83ae,內湖區,台北市內湖區幸福家 內湖店,幸福家 內湖店
98af3b95-910e-4eff-bc83-d90ae488c14e,內湖區,台北市內湖區啡想國際有限公司,啡想國際有限公司
98b262ca-7843-47ca-be66-f1e59fd9dda7,內湖區,台北市內湖區豬窩窩早午餐,豬窩窩早午餐
98b8e0a3-06dc-41ee-84cf-76165328faf1,內湖區,台北市內湖區找店長小館,找店長小館
995ba6d2-b878-4a33-b5de-9fa39b04dd3a,內湖區,台北市內湖區GO GO GEESAA,GO GO GEESAA
9a360b0f-8328-4be8-94e2-75286c52ad55,內湖區,台北市內湖區煮雲軒,煮雲軒
9bfe68ca-0c56-4850-aaee-40bfd2f34893,內湖區,台北市內湖區花蓮扁食內湖,花蓮扁食內湖
9c1b0d25-cbc6-4b4e-87e9-2f06403a4245,內湖區,台北市內湖區北村豆腐家-CITYLINK內湖店,北村豆腐家-CITYLINK內湖店
9fecd810-160a-4b01-b909-cd8da1024ef5,內湖區,台北市內湖區城乙化工原料有限公司(內湖店),城乙化工原料有限公司(內湖店)
a0967dbf-2905-4728-8938-83db27536e26,內湖區,台北市內湖區路易莎-葡眾內湖門市,路易莎-葡眾內湖門市
a146a43f-7fa4-474c-8883-6165873040e4,內湖區,台北市內湖區CITYLINK內湖店-Lamy,CITYLINK內湖店-Lamy
a2384163-b81a-4625-883b-19801c6d35af,內湖區,台北市內湖區花仙子點心飲品 內湖店,花仙子點心飲品 內湖店
a2aee282-1ba0-4fa3-9ab6-3927184c230e,內湖區,台北市內湖區可可參貳咖啡棧（饗購券）,可可參貳咖啡棧（饗購券）
a2dd0d79-59da-4d59-9eff-1390730c3357,內湖區,台北市內湖區小林眼鏡-內湖店,小林眼鏡-內湖店
a4898906-de08-45d7-a78a-a237f3ad27c4,內湖區,台北市內湖區聖瑪莉 內湖店,聖瑪莉 內湖店
a4eac715-adae-4868-b46b-4475cfb33bff,內湖區,台北市內湖區哈拉影城有限公司,哈拉影城有限公司
a50fea06-843b-40a5-b7b8-980c6e91370d,內湖區,台北市內湖區馨福珈琲,馨福珈琲
a54411d8-addf-4511-bff0-3459747749c6,內湖區,台北市內湖區路易莎-內湖洲子店,路易莎-內湖洲子店
a54e5bea-9c58-4ccd-8500-e0e955ad41bd,內湖區,台北市內湖區安永生活事業股份有限公司總部門市,安永生活事業股份有限公司總部門市
a595263f-3ca2-47f1-8c9a-5d955c491600,內湖區,台北市內湖區微風三總-小南門,微風三總-小南門
a6ab93c4-f4a2-4003-a2d8-b50e32139a6e,內湖區,台北市內湖區摩曼頓企業股份有限公司,摩曼頓企業股份有限公司
a7286617-d0eb-4b71-a00c-34ab75283b69,內湖區,台北市內湖區林旺文化事業有限公司,林旺文化事業有限公司
a74c80ba-e077-4566-8fd4-15df0a94dc27,內湖區,台北市內湖區路易莎-瑞光316門市,路易莎-瑞光316門市
a7544492-6594-4d73-9af8-3dd16997654e,內湖區,台北市內湖區21PLUS 內湖大潤發,21PLUS 內湖大潤發
a7ed9bdb-a4a7-49a6-a6cf-115da40c69da,內湖區,台北市內湖區北關體育用品社,北關體育用品社
a8443a5f-46a7-4f7d-bc6f-be1f0f59123a,內湖區,台北市內湖區集客人間茶館-內湖店,集客人間茶館-內湖店
ab4045fb-95c9-475c-a033-bb9bd5bff317,內湖區,台北市內湖區颱旭有限公司,颱旭有限公司
aba1306e-b572-40e6-b55a-93e2ead0763d,內湖區,台北市內湖區莓圃咖啡店,莓圃咖啡店
abae227c-2615-4a6a-9420-38ea2b73f531,內湖區,台北市內湖區鬍鬚張股份有限公司台北東湖分公司,鬍鬚張股份有限公司台北東湖分公司
abe3ce48-7005-407b-a177-810f238aa7ce,內湖區,台北市內湖區北冠一級磅運動用品店,北冠一級磅運動用品店
ac13f989-c1e1-432d-bd0a-b6567d2de33f,內湖區,台北市內湖區江南希望商行,江南希望商行
ac293c7a-23c9-47df-b7a0-24e36cc01d73,內湖區,台北市內湖區湖涂私房麵食料理。滷菜。,湖涂私房麵食料理。滷菜。
ac5c2af8-2e51-40fe-a46e-a83ff97785f9,內湖區,台北市內湖區山崎麵包-三總店,山崎麵包-三總店
ad2417bf-3723-49e3-8bfa-d7b700ca2878,內湖區,台北市內湖區黑沃咖啡內湖康樂店（承洋咖啡）,黑沃咖啡內湖康樂店（承洋咖啡）
adcbb6e6-f7bc-4338-af3d-b00cc2a46cb3,內湖區,台北市內湖區義大利肉舖股份有限公司,義大利肉舖股份有限公司
add8c96c-a250-41c6-938f-926ac52f1a22,內湖區,台北市內湖區路易莎-內湖成功直營店,路易莎-內湖成功直營店
ae1a41ef-5eda-47c8-b86d-d761b9fcc5ae,內湖區,台北市內湖區YAYOI彌生軒 內湖瑞光店,YAYOI彌生軒 內湖瑞光店
af259263-d112-4c60-a9fc-92f87aa2257a,內湖區,台北市內湖區路易莎-內湖文湖門市,路易莎-內湖文湖門市
b1d8cda6-608e-4903-b0cc-00ac4797dc29,內湖區,台北市內湖區有機緣地 東湖店,有機緣地 東湖店
b258e03a-137e-4395-ba4f-1cdfc5005b17,內湖區,台北市內湖區牧亜吉鮮屋,牧亜吉鮮屋
b26ba79c-1265-499a-adef-e64da4e4ef19,內湖區,台北市內湖區龍亭拉麵店,龍亭拉麵店
b4463805-6b98-492f-ba64-fe737c68e055,內湖區,台北市內湖區棉花田生機園地-內湖,棉花田生機園地-內湖
b5327beb-bf17-4bfc-bb30-a9848c9e8ba5,內湖區,台北市內湖區微風三總-老董牛肉麵,微風三總-老董牛肉麵
b582ff61-0506-4d71-971c-c83eb2e2d62c,內湖區,台北市內湖區貳樓餐廳 Second Floor Cafe 西湖店,貳樓餐廳 Second Floor Cafe 西湖店
b58d6d8d-6d46-4afa-9364-4a2514555305,內湖區,台北市內湖區高烈堂沖繩黑糖咖哩 丼飯,高烈堂沖繩黑糖咖哩 丼飯
b656daa5-5573-4937-9001-69c2067bf05e,內湖區,台北市內湖區Mori House,Mori House
b8a4fc3e-242a-41ab-a764-bbd2a0d3bde7,內湖區,台北市內湖區哈肯舖手感烘培-東湖店,哈肯舖手感烘培-東湖店
bc3bddb0-227b-43a1-aef7-9edea8b67842,內湖區,台北市內湖區江南村有機商店,江南村有機商店
bc9bf944-c300-4f13-bd90-844cd54d5790,內湖區,台北市內湖區聯全永和文具股份有限公司,聯全永和文具股份有限公司
bcdfc006-febe-49bf-9f1d-72cafd329461,內湖區,台北市內湖區微風三總-一鼎台灣小吃,微風三總-一鼎台灣小吃
bd288b16-d54e-43de-bd63-c6696fe852ff,內湖區,台北市內湖區金石堂書店南湖店,金石堂書店南湖店
bd930a01-246b-4b6b-8dda-ce14262a803b,內湖區,台北市內湖區起家雞-內湖金龍店,起家雞-內湖金龍店
be5c7264-ef7a-4ecb-af5b-bf986dae7dde,內湖區,台北市內湖區橡木桶洋酒股份有限公司內湖分公司,橡木桶洋酒股份有限公司內湖分公司
beededdc-3be1-4132-8191-2434904be51e,內湖區,台北市內湖區SKECHERS內湖家樂福,SKECHERS內湖家樂福
bf1f18aa-0bb8-4feb-b913-83c707e58c2a,內湖區,台北市內湖區宜得利家居台北內湖家樂福店,宜得利家居台北內湖家樂福店
bf5bf646-3b43-4d28-bd72-9d1e6d369a3a,內湖區,台北市內湖區朱記餡餅粥 內湖大潤發店,朱記餡餅粥 內湖大潤發店
bfc2bdf8-6894-4c2b-88e7-670d511e9fe5,內湖區,台北市內湖區大戶屋-東湖店,大戶屋-東湖店
bfca145d-7068-416e-accb-eb597bfceeb5,內湖區,台北市內湖區榮士體育有限公司,榮士體育有限公司
c108d43d-681f-4707-be90-37edea71d39c,內湖區,台北市內湖區小廚櫃素食店,小廚櫃素食店
c11021ee-efc4-4e16-a0f8-dbf095535d86,內湖區,台北市內湖區路易莎-內湖瑞光直營店,路易莎-內湖瑞光直營店
c17606af-579c-48c0-8195-b869ad97a398,內湖區,台北市內湖區路易莎-內湖家樂福店,路易莎-內湖家樂福店
c1849dc5-3872-4cb7-bd96-8922c42e3c95,內湖區,台北市內湖區三佳眼鏡有限公司,三佳眼鏡有限公司
c395b03a-2cb1-4feb-a07c-0e1e2aa8feaa,內湖區,台北市內湖區LOKAL COFFEE - 台北內湖旗艦店,LOKAL COFFEE - 台北內湖旗艦店
c475e5f2-1a96-466b-b080-d518bad9c5f8,內湖區,台北市內湖區麥當勞台北西湖,麥當勞台北西湖
c50c8ab2-149d-454f-b3d0-39a37e460383,內湖區,台北市內湖區幼信有限公司(富山生活藥妝、富山藥局),幼信有限公司(富山生活藥妝、富山藥局)
c52637bf-23bc-4047-be8e-c4688057a216,內湖區,台北市內湖區毛孩日記寵物生活館,毛孩日記寵物生活館
c59db4de-9632-42cb-a6a6-6bc7f3062487,內湖區,台北市內湖區煲大人煲仔菜（家樂福內湖店）,煲大人煲仔菜（家樂福內湖店）
c5c2b6a5-6bb2-44f6-828d-e16dab4ed3fd,內湖區,台北市內湖區台灣迪卡儂有限公司內湖營業所,台灣迪卡儂有限公司內湖營業所
c5f9ce05-e9a6-46e6-9d95-3611ad7756f3,內湖區,台北市內湖區車麗屋汽車百貨股份有限公司台北內湖分公司,車麗屋汽車百貨股份有限公司台北內湖分公司
c66674d6-ebda-4b49-a573-14f95ce6a9aa,內湖區,台北市內湖區國堂有限公司,國堂有限公司
c6a49345-d955-4b7c-8e2e-60576d532625,內湖區,台北市內湖區姜江韓式食堂,姜江韓式食堂
c6d9ea35-7062-4bef-9ebb-2758f211b54c,內湖區,台北市內湖區小六食堂,小六食堂
c70f16e6-a935-419b-8a84-6eee9f637056,內湖區,台北市內湖區饗趣31,饗趣31
c7a320f0-959e-4b64-8bae-601492572873,內湖區,台北市內湖區兩塊錢,兩塊錢
c8728b9e-e832-4843-8da7-0991894ed556,內湖區,台北市內湖區永安藥局,永安藥局
c8841df8-5a16-4a39-9c11-aa3bd0a42fe8,內湖區,台北市內湖區誠品生活股份有限公司第一分公司,誠品生活股份有限公司第一分公司
c8a60146-ae06-47cc-a8d7-b6282ac68db5,內湖區,台北市內湖區震旦行股份有限公司台北二十七分公司,震旦行股份有限公司台北二十七分公司
c9de93c8-d41d-4340-8b0f-a550c2603da8,內湖區,台北市內湖區遲家山東饅頭,遲家山東饅頭
cabeac3c-0c3c-4a6e-8945-df19ff395c9b,內湖區,台北市內湖區合食餐飲顧問股份有限公司內湖瑞光店,合食餐飲顧問股份有限公司內湖瑞光店
cac3dad3-3aa9-4f6f-9ecd-8b8d9c8083bf,內湖區,台北市內湖區弘睿有限公司,弘睿有限公司
cad87082-bc25-40ce-9106-68e555ca8e2b,內湖區,台北市內湖區微風三總-山崎麵包,微風三總-山崎麵包
cb241935-3886-439f-9d6d-8d7c5cedf9ed,內湖區,台北市內湖區PUMA內湖家樂福門市,PUMA內湖家樂福門市
cb497a17-16ff-42c9-be6b-12f03eac1c8a,內湖區,台北市內湖區定食8康寧店,定食8康寧店
cb6630ef-07cd-4917-957a-96eeadca9ca8,內湖區,台北市內湖區IUSE,IUSE
cc789488-0be4-412b-aae7-a2c82d62ebc5,內湖區,台北市內湖區潮味決·湯滷專門店 內湖江南分社,潮味決·湯滷專門店 內湖江南分社
ccc983d7-2146-4124-8943-5b3dbf4fb806,內湖區,台北市內湖區寶島眼鏡內湖民權分公司,寶島眼鏡內湖民權分公司
cf48918b-59b8-4e61-ad39-c441a349fb4e,內湖區,台北市內湖區能美生活家有限公司,能美生活家有限公司
cfc4a45c-1474-4cf1-bbbb-db8af161e436,內湖區,台北市內湖區蘿西騷豆仔有限公司,蘿西騷豆仔有限公司
d05630b8-d493-4de3-b44c-1427dfd96e56,內湖區,台北市內湖區緣味 Yuanway,緣味 Yuanway
d076a419-b292-4623-805e-76d54d6120b3,內湖區,台北市內湖區向日工作坊,向日工作坊
d13093c0-82c9-4b52-a3ae-057288c5832d,內湖區,台北市內湖區雞湯大叔內湖店,雞湯大叔內湖店
d309338a-c130-4459-afa9-6dd6d28f350c,內湖區,台北市內湖區CITYLINK內湖店-銀座杏子日式豬排 ,CITYLINK內湖店-銀座杏子日式豬排 
d3457e1e-6367-44a0-b5ff-d54430fd8b05,內湖區,台北市內湖區佳惠食品店,佳惠食品店
d4c0afc2-f7f7-4d9e-bf5e-9fc61a029a39,內湖區,台北市內湖區元榆牧場,元榆牧場
d5234a73-2f01-42e6-bb04-76ab42beaa33,內湖區,台北市內湖區50嵐嵐科綠茶店,50嵐嵐科綠茶店
d53d032e-1286-47e5-927d-2e74c006e4d9,內湖區,台北市內湖區阿瘦皮鞋-內湖店,阿瘦皮鞋-內湖店
d5a37487-0179-4744-a74f-4f02aeb1b2c8,內湖區,台北市內湖區梅森莉菈法式甜點店,梅森莉菈法式甜點店
d5e6a193-2fa9-4bc2-9257-c130db4170e5,內湖區,台北市內湖區新東陽-內湖店,新東陽-內湖店
d6198f93-4045-473c-a093-a1b267ac71ab,內湖區,台北市內湖區燦坤實業股份有限公司新東湖分公司,燦坤實業股份有限公司新東湖分公司
d6ec2a3d-de9f-46ef-8057-bfd89212a1ed,內湖區,台北市內湖區玩笑國際有限公司,玩笑國際有限公司
d6ff3a12-941b-4aca-bb27-c520796c8387,內湖區,台北市內湖區TSUTAYABOOKSTORE 內湖店,TSUTAYABOOKSTORE 內湖店
d77acf98-be7b-426d-8574-fa3438215c63,內湖區,台北市內湖區學學國際文 化創意事業股份有限公司,學學國際文 化創意事業股份有限公司
d8ecba4e-42c6-438b-b0a4-cb42ecff4983,內湖區,台北市內湖區壹發商行,壹發商行
d946e316-3e69-4d16-83dd-264d490d133e,內湖區,台北市內湖區真彩棻芳早餐店,真彩棻芳早餐店
d9bd4b4c-0207-4887-a46f-7ee606874ffd,內湖區,台北市內湖區高博士國際有限公司內湖店,高博士國際有限公司內湖店
d9f74786-5a75-4f67-a890-91e3b66a1ef6,內湖區,台北市內湖區潮味決 湯滷專門店 台北西湖分社,潮味決 湯滷專門店 台北西湖分社
da2182c3-ea73-48f3-a6e5-47f4ec394286,內湖區,台北市內湖區好客食堂,好客食堂
db2a7ed2-35a1-4783-8110-4d4b3f958b3a,內湖區,台北市內湖區壺茶車~內湖總店,壺茶車~內湖總店
dc12bc65-d2e3-491e-a4ca-1f8abfc25aad,內湖區,台北市內湖區康是美明湖門市,康是美明湖門市
dc789a0c-cab5-42d9-8706-5558334ccd65,內湖區,台北市內湖區牛耳精緻麵館,牛耳精緻麵館
dceac807-1a29-4cd4-9ac3-ce7656aab692,內湖區,台北市內湖區忠明自行車行,忠明自行車行
dd9c36f5-7703-4da4-8024-85a8037bed84,內湖區,台北市內湖區隨意鳥地方內湖花市概念店,隨意鳥地方內湖花市概念店
df0d3987-60c7-49a7-a99a-70cb196b2c1d,內湖區,台北市內湖區商越涮涮鍋,商越涮涮鍋
dfa350a0-6438-44a9-bed5-5a58209e42f7,內湖區,台北市內湖區佑全保健藥妝-內湖康寧藥局,佑全保健藥妝-內湖康寧藥局
e1074698-83d0-4785-9db2-697209c4270d,內湖區,台北市內湖區Omnivore 雜食者,Omnivore 雜食者
e1932bdb-c295-4012-8829-e74213f02c82,內湖區,台北市內湖區Campus cafe內湖店,Campus cafe內湖店
e221d5ac-1281-4eab-ba6c-7c24f4df06e8,內湖區,台北市內湖區春和捲食內湖店,春和捲食內湖店
e4415b50-b08b-4a2e-bcbb-aaaacea9217d,內湖區,台北市內湖區緒食一鍋小麻辣,緒食一鍋小麻辣
e4dbc11f-321e-43f5-9b15-e33fecc53767,內湖區,台北市內湖區美麗田商行,美麗田商行
e5fd7169-9dbe-4299-a8e9-11d2fb92daf6,內湖區,台北市內湖區六五義大利麵店,六五義大利麵店
e6ca8c81-a45f-497c-a1ce-b95e3e852529,內湖區,台北市內湖區生活工場內湖店,生活工場內湖店
e73e2852-4af1-4c84-8980-8a67e8b2af1b,內湖區,台北市內湖區漢堡王內湖店,漢堡王內湖店
e856ada2-e0ec-420a-9093-331a36c5962e,內湖區,台北市內湖區世明車行,世明車行
e8572c4b-9922-4ccd-b53a-9e5fbc2bd56b,內湖區,台北市內湖區Moooon River Cafe & Books,Moooon River Cafe & Books
e8abf2d2-115a-4c2a-abb3-42ad3c91058d,內湖區,台北市內湖區燦坤實業股份有限公司文德分公司,燦坤實業股份有限公司文德分公司
ea6ff87d-1149-43f0-93c9-f3a84ae8dc1d,內湖區,台北市內湖區東區釣具行,東區釣具行
eaad1aab-d44f-46f4-9c36-d86807753325,內湖區,台北市內湖區陽光廚坊,陽光廚坊
ec15b7d6-6d16-49b6-9a9d-e6038d2f9e6d,內湖區,台北市內湖區Mr. Wish 東湖店,Mr. Wish 東湖店
ec723eab-e39f-46c4-9220-d747659c370e,內湖區,台北市內湖區PUMA內湖大潤發門市,PUMA內湖大潤發門市
ee2518ed-89b1-4235-a085-bce31baf9a06,內湖區,台北市內湖區美而佳茶行,美而佳茶行
eee1bacd-f9be-4b03-b1ce-bce77fa385e3,內湖區,台北市內湖區易愛眼鏡有限公司,易愛眼鏡有限公司
f25b075c-5d60-48ee-9f51-25c2c56ab300,內湖區,台北市內湖區漢堡王內湖成功店,漢堡王內湖成功店
f288e4e2-012a-4147-b3ac-597653029417,內湖區,台北市內湖區水巷茶弄東湖店,水巷茶弄東湖店
f2bb317c-76ca-4da7-8f1b-37c605689415,內湖區,台北市內湖區微風三總-喝吧,微風三總-喝吧
f2dee87d-2ba8-4c42-a228-0da0de7b258d,內湖區,台北市內湖區財團法人長春防災基金會,財團法人長春防災基金會
f2f0c979-25a7-4b5a-9059-00359152c430,內湖區,台北市內湖區OWNDAYS內湖大潤發二店,OWNDAYS內湖大潤發二店
f42fdee7-c3d9-4a37-872e-0c3109b96a43,內湖區,台北市內湖區Qburger 內湖金龍店,Qburger 內湖金龍店
f49df777-b8f0-49d4-a4ee-2f13977646ad,內湖區,台北市內湖區Qburger 內湖達人店,Qburger 內湖達人店
f5890181-3233-491d-ba4f-dea88b7fa33b,內湖區,台北市內湖區湘品麵食店,湘品麵食店
f5c5bcd1-1e21-4632-805f-77955f20900a,內湖區,台北市內湖區城市綠洲股份有限公司內湖分公司,城市綠洲股份有限公司內湖分公司
f60ec5c7-93ef-49f5-b23b-67594a2d6a10,內湖區,台北市內湖區Tomod’s 特美事-捷運內湖門市,Tomod’s 特美事-捷運內湖門市
f673a927-c081-410e-842d-9246c07366e0,內湖區,台北市內湖區瑞翔運動精品-成功店,瑞翔運動精品-成功店
f6dc7eac-d04d-4f8c-994d-a8fbe4cfc3ac,內湖區,台北市內湖區adidas內湖家樂福暢貨中心,adidas內湖家樂福暢貨中心
f7445c38-cb9c-4c8c-a38f-df9a1ad0fcf8,內湖區,台北市內湖區大樹藥局 內湖康雲店,大樹藥局 內湖康雲店
f7dd602e-b377-4cac-b2a4-1c0ebf906575,內湖區,台北市內湖區悠竹坊 甜點與茶,悠竹坊 甜點與茶
f889b7d3-b77e-42f8-be11-bfbc8e0a5d7e,內湖區,台北市內湖區長庚生物科技股份有限公司內湖康寧門市,長庚生物科技股份有限公司內湖康寧門市
f8a2c7b2-ed68-49fa-810b-ba619829964f,內湖區,台北市內湖區Louisa Coffee 路易莎咖啡(港墘門市),Louisa Coffee 路易莎咖啡(港墘門市)
f8ac8eb2-e9ca-4710-93bf-9bd8b613e410,內湖區,台北市內湖區百馥生鮮食品行,百馥生鮮食品行
f8bd34b8-951a-4807-9eff-9e6d7f0d662f,內湖區,台北市內湖區絹露草莓餐飲坊,絹露草莓餐飲坊
f8db07f1-3ba0-4447-8798-c44c7976c80b,內湖區,台北市內湖區瓦城泰國料理西湖店,瓦城泰國料理西湖店
f8db707b-d339-492a-a0be-c22154f59b70,內湖區,台北市內湖區HANAKO GOODS,HANAKO GOODS
f8e7aafb-3695-4407-ad25-5b8d0686f249,內湖區,台北市內湖區爭鮮gogo-康寧店,爭鮮gogo-康寧店
f9156021-5b3b-4aee-a7e8-b09c0428eb71,內湖區,台北市內湖區榮冠燒臘茶餐廳,榮冠燒臘茶餐廳
f92c1eae-52cd-4aa9-8282-039494728d5b,內湖區,台北市內湖區太和工房-內湖成功門市,太和工房-內湖成功門市
fad16e78-adc3-4516-85b3-5f31725fac84,內湖區,台北市內湖區寶島眼鏡西湖分公司,寶島眼鏡西湖分公司
fb5499f8-66dc-4020-bd95-b6ed176426d3,內湖區,台北市內湖區葉師傅737蚵仔煎,葉師傅737蚵仔煎
fb6ccf53-7257-485e-a887-48c1d8fce740,內湖區,台北市內湖區爭鮮股份有限公司內湖二分公司,爭鮮股份有限公司內湖二分公司
fd0553b2-02e3-45db-a3f1-fa25838719c8,內湖區,台北市內湖區HOLA-內湖店,HOLA-內湖店
fd2156ca-d029-4b0e-ba97-beddaa9704f6,內湖區,台北市內湖區合點壽司 內湖店,合點壽司 內湖店
fd2ecd95-9774-492b-baa2-b80a9bf0d202,內湖區,台北市內湖區爭鮮股份有限公司內湖潤門市部,爭鮮股份有限公司內湖潤門市部
fdd02f9f-6483-4e8f-be09-a0e3f8c463dc,內湖區,台北市內湖區好雞匯鹽水雞（內湖737店）,好雞匯鹽水雞（內湖737店）
fe258040-a3c2-41f2-9ec3-8b51c21cd736,內湖區,台北市內湖區胖老爹美式炸雞湖光店,胖老爹美式炸雞湖光店
